Datetime,Water Level (m)
2025-05-29 18:00:00,0.3797838
2025-05-29 19:00:00,0.75200486
2025-05-29 20:00:00,1.0034732
2025-05-29 21:00:00,1.0815704
2025-05-29 22:00:00,0.9014782
2025-05-29 23:00:00,0.62901795
2025-05-30 00:00:00,0.32456893
2025-05-30 01:00:00,0.020465635
2025-05-30 02:00:00,-0.25743762
2025-05-30 03:00:00,-0.47542262
2025-05-30 04:00:00,-0.4186032
2025-05-30 05:00:00,-0.101318285
2025-05-30 06:00:00,0.30029666
2025-05-30 07:00:00,0.7564984
2025-05-30 08:00:00,1.2441165
2025-05-30 09:00:00,1.4518298
2025-05-30 10:00:00,1.3516891
2025-05-30 11:00:00,1.0816025
2025-05-30 12:00:00,0.7781165
2025-05-30 13:00:00,0.455495
2025-05-30 14:00:00,0.14726274
2025-05-30 15:00:00,-0.13646366
2025-05-30 16:00:00,-0.34219018
2025-05-30 17:00:00,-0.24008495
2025-05-30 18:00:00,0.047931787
2025-05-30 19:00:00,0.40473828
2025-05-30 20:00:00,0.76201415
2025-05-30 21:00:00,0.9870802
2025-05-30 22:00:00,0.989965
2025-05-30 23:00:00,0.763875
2025-05-31 00:00:00,0.49377218
2025-05-31 01:00:00,0.20972413
2025-05-31 02:00:00,-0.060106255
2025-05-31 03:00:00,-0.29992977
2025-05-31 04:00:00,-0.43979004
2025-05-31 05:00:00,-0.25084767
2025-05-31 06:00:00,0.0474182
2025-05-31 07:00:00,0.4501015
2025-05-31 08:00:00,0.8686029
2025-05-31 09:00:00,1.274775
2025-05-31 10:00:00,1.4110452
2025-05-31 11:00:00,1.2211026
2025-05-31 12:00:00,0.94248945
2025-05-31 13:00:00,0.65305024
2025-05-31 14:00:00,0.34852135
2025-05-31 15:00:00,0.059502184
2025-05-31 16:00:00,-0.18513584
2025-05-31 17:00:00,-0.3053207
2025-05-31 18:00:00,-0.10033698
2025-05-31 19:00:00,0.15451491
2025-05-31 20:00:00,0.49149588
2025-05-31 21:00:00,0.77910686
2025-05-31 22:00:00,0.9447462
2025-05-31 23:00:00,0.8772217
2025-06-01 00:00:00,0.65477765
2025-06-01 01:00:00,0.4082451
2025-06-01 02:00:00,0.14807518
2025-06-01 03:00:00,-0.09607116
2025-06-01 04:00:00,-0.29766533
2025-06-01 05:00:00,-0.36546245
2025-06-01 06:00:00,-0.13114272
2025-06-01 07:00:00,0.15891075
2025-06-01 08:00:00,0.5475212
2025-06-01 09:00:00,0.90962976
2025-06-01 10:00:00,1.2219875
2025-06-01 11:00:00,1.2349478
2025-06-01 12:00:00,1.0360543
2025-06-01 13:00:00,0.77061516
2025-06-01 14:00:00,0.49059868
2025-06-01 15:00:00,0.21246873
2025-06-01 16:00:00,-0.04420039
2025-06-01 17:00:00,-0.25473914
2025-06-01 18:00:00,-0.32378626
2025-06-01 19:00:00,-0.11173442
2025-06-01 20:00:00,0.13935432
2025-06-01 21:00:00,0.45356324
2025-06-01 22:00:00,0.7039747
2025-06-01 23:00:00,0.84135866
2025-06-02 00:00:00,0.76387835
2025-06-02 01:00:00,0.5679617
2025-06-02 02:00:00,0.34473193
2025-06-02 03:00:00,0.11541534
2025-06-02 04:00:00,-0.09396965
2025-06-02 05:00:00,-0.23497915
2025-06-02 06:00:00,-0.18660372
2025-06-02 07:00:00,0.04469597
2025-06-02 08:00:00,0.33563825
2025-06-02 09:00:00,0.6694679
2025-06-02 10:00:00,0.9587146
2025-06-02 11:00:00,1.1716671
2025-06-02 12:00:00,1.116676
2025-06-02 13:00:00,0.9198715
2025-06-02 14:00:00,0.6712923
2025-06-02 15:00:00,0.42269805
2025-06-02 16:00:00,0.16713
2025-06-02 17:00:00,-0.060264114
2025-06-02 18:00:00,-0.22252588
2025-06-02 19:00:00,-0.2077731
2025-06-02 20:00:00,0.0055137947
2025-06-02 21:00:00,0.2629187
2025-06-02 22:00:00,0.54381114
2025-06-02 23:00:00,0.74664676
2025-06-03 00:00:00,0.83877075
2025-06-03 01:00:00,0.74312055
2025-06-03 02:00:00,0.57151973
2025-06-03 03:00:00,0.37329704
2025-06-03 04:00:00,0.16636853
2025-06-03 05:00:00,-0.020599842
2025-06-03 06:00:00,-0.15338434
2025-06-03 07:00:00,-0.13020813
2025-06-03 08:00:00,0.08664868
2025-06-03 09:00:00,0.35913718
2025-06-03 10:00:00,0.6581687
2025-06-03 11:00:00,0.90484387
2025-06-03 12:00:00,1.0412976
2025-06-03 13:00:00,0.9824025
2025-06-03 14:00:00,0.80110246
2025-06-03 15:00:00,0.5811343
2025-06-03 16:00:00,0.35626596
2025-06-03 17:00:00,0.12870702
2025-06-03 18:00:00,-0.083857335
2025-06-03 19:00:00,-0.24151422
2025-06-03 20:00:00,-0.2783096
2025-06-03 21:00:00,-0.0901397
2025-06-03 22:00:00,0.14353599
2025-06-03 23:00:00,0.42841855
2025-06-04 00:00:00,0.6498551
2025-06-04 01:00:00,0.77429134
2025-06-04 02:00:00,0.7415616
2025-06-04 03:00:00,0.5867127
2025-06-04 04:00:00,0.40290073
2025-06-04 05:00:00,0.20302421
2025-06-04 06:00:00,0.01972202
2025-06-04 07:00:00,-0.1143555
2025-06-04 08:00:00,-0.121156335
2025-06-04 09:00:00,0.06425778
2025-06-04 10:00:00,0.2973958
2025-06-04 11:00:00,0.56085795
2025-06-04 12:00:00,0.779748
2025-06-04 13:00:00,0.9143672
2025-06-04 14:00:00,0.88137436
2025-06-04 15:00:00,0.7143233
2025-06-04 16:00:00,0.4991772
2025-06-04 17:00:00,0.27015793
2025-06-04 18:00:00,0.04167062
